[
  {
    "image": "https://5.imimg.com/data5/CE/GT/MY-35754189/fresh-apple-500x500.jpg",
    "cost": 30.0,
    "itemId": "1",
    "name": "Apple",
    "quantityType": "pcs"
  },
  {
    "image": "https://www.organicfacts.net/wp-content/uploads/milk-1.jpg",
    "cost": 50.0,
    "itemId": "2",
    "name": "Milk",
    "quantityType": "ltr"
  },
  {
    "image": "https://m.media-amazon.com/images/I/41Y2eoT3OTL._SX385_.jpg",
    "cost": 5.0,
    "itemId": "3",
    "name": "Banana",
    "quantityType": "dozen"
  },
  {
    "image": "https://img3.exportersindia.com/product_images/bc-full/2021/4/2789937/toor-dal-1617991507-5785167.jpeg",
    "cost": 120.0,
    "itemId": "4",
    "name": "Toor dal",
    "quantityType": "kg"
  },
  {
    "image": "https://5.imimg.com/data5/HL/RO/MY-37165569/cinthol-cool-soap-100-gm-500x500.png",
    "cost": 45.0,
    "itemId": "5",
    "name": "Cinthol cool",
    "quantityType": "pcs"
  },
  {
    "image": "https://www.tasteofhome.com/wp-content/uploads/2019/11/sugar-shutterstock_615908132.jpg?fit=700,800",
    "cost": 40.0,
    "itemId": "6",
    "name": "Sugar",
    "quantityType": "kg"
  }
]
